dt_string,loss,accuracy
07/01/2020 15:05:22,0.6875212619360295,0.913810670375824
